galaxy,Mgas,err_Mgas,Mdust,err_Mdust,Z,err_Z
ESO097-013,6472057882.524854,1237230517.9423025,5360000.0,3549000.0,0.34914031547906965,0.0401962642892792
ESO116-012,2793046091.538495,64718461.13407794,nan,nan,nan,nan
ESO149-001,3378984425.392703,137013697.73696077,1823000.0,516300.0,0.2904022654467177,0.0735543520128477
ESO149-013,541858213.4685283,28610109.22016022,239500.0,766700.0,nan,nan
ESO157-047,479598111.41582996,46615539.927118085,431300.0,1032000.0,0.26791683248214804,0.06970984742384403
ESO157-049,1373869515.6748927,56388954.69193013,5812000.0,6739000.0,0.4688133821459606,0.010794827051255786
ESO209-009,3456079973.3297157,98371107.46598668,16160000.0,1894000.0,nan,nan
ESO240-004,398944438.3221223,nan,1733000.0,1908000.0,0.2666858664523913,0.06447702456359608
ESO289-020,nan,nan,88060.0,385800.0,nan,nan
ESO351-030,266018.2538381531,2461.493193785432,nan,nan,nan,nan
ESO358-006,nan,nan,nan,nan,nan,nan
ESO358-015,147612661.5443313,17305655.391597055,nan,nan,0.5432503314930569,0.11383009047049791
ESO358-016,139590546.2520074,nan,481200.0,1629000.0,nan,nan
ESO358-019,nan,nan,441800.0,499800.0,nan,nan
ESO358-042,nan,nan,nan,nan,nan,nan
ESO358-043,nan,nan,749900.0,2170000.0,nan,nan
ESO358-050,nan,nan,133200.0,1584000.0,nan,nan
ESO358-051,135126992.0,38607712.0,487400.0,108200.0,0.3191537855105092,0.00661390874000492
ESO358-054,492048907.9999999,41790455.200000115,1096000.0,896500.0,0.23388372386622908,0.006462446112821936
ESO358-056,nan,nan,nan,nan,nan,nan
ESO358-059,nan,nan,nan,nan,nan,nan
ESO358-060,616619384.0,18149496.707800258,nan,nan,0.05056985635389869,0.036075054005923944
ESO358-063,1816231029.6784782,228075235.21297076,7753000.0,930000.0,0.8016780633887053,0.1956687875628172
ESO358-066,nan,nan,nan,nan,nan,nan
ESO359-002,nan,nan,nan,nan,nan,nan
ESO373-008,1053219952.1370418,44031674.46959492,5015000.0,646000.0,nan,nan
ESO377-039,nan,nan,3836000.0,5911000.0,nan,nan
ESO405-014,nan,nan,nan,nan,nan,nan
ESO406-031,nan,nan,1009000.0,525400.0,nan,nan
ESO407-002,nan,nan,1576000.0,349500.0,nan,nan
ESO407-018,17579372.194034394,3515874.4388068877,nan,nan,nan,nan
ESO410-005,nan,nan,nan,nan,nan,nan
ESO410-012,614815181.6637821,41353387.277446024,nan,nan,nan,nan
ESO410-018,1618724000.0,255588000.00000086,1168000.0,1668000.0,0.4655860935234704,0.10827721144373706
ESO411-013,320266362.99163216,nan,3088000.0,1892000.0,nan,nan
ESO411-016,325828786.05285543,78034625.23114604,436400.0,1891000.0,0.3971915494698548,0.10243154217775363
ESO411-026,187064850.2571062,nan,nan,nan,nan,nan
ESO411-027,nan,nan,1562000.0,1916000.0,nan,nan
ESO428-014,59955664.96835931,nan,nan,nan,nan,nan
ESO434-040,nan,nan,3652000.0,4963000.0,nan,nan
ESO471-006,223312354.53607497,23833540.34249405,nan,nan,0.07433553133123799,0.02243759798260573
ESO491-020,11379106833.156878,334471623.84672385,nan,nan,nan,nan
ESO491-021,7173485019.499303,748481844.1546654,nan,nan,nan,nan
ESO493-016,3153971622.024,13546077602.760038,23200000.0,4839000.0,nan,nan
ESO495-021,208379568.32722202,7365398.039262314,803700.0,108000.0,0.4841893400189932,0.014493533034690519
ESO549-035,1160902293.3084707,128592254.02801552,1133000.0,2410000.0,0.30690219883940956,0.09893357992769371
ESO560-004,1285025199.7097306,nan,13000000.0,3092000.0,nan,nan
ESO603-031,433423521.10449785,255511726.01100823,6658000.0,5743000.0,0.51522864458234,0.13168571541141236
HS98117,nan,nan,nan,nan,nan,nan
IC0010,76720643.96400921,5956239.947771361,218900.0,127400.0,0.19142559250233565,0.06303064134704167
IC0335,nan,nan,77720.0,835600.0,nan,nan
IC0342,15575156998.34355,nan,23370000.0,3801000.0,0.6223002851701426,0.12036354623993217
IC0610,330945866.48638356,12107775.438142208,6776000.0,867900.0,0.5780960474066172,0.0306156528447883
IC0691,959020331.6586397,44092887.87859205,1188000.0,207000.0,0.35399734108392805,0.0537971940356186
IC0755,925890602.1258233,5321210.246374403,918200.0,257700.0,0.22698648518866438,0.01881560509584145
IC0781,nan,nan,nan,nan,nan,nan
IC0782,nan,nan,nan,nan,nan,nan
IC0783,nan,nan,1341000.0,1466000.0,nan,nan
IC0794,nan,nan,441700.0,1368000.0,nan,nan
IC0797,458368583.1540993,7639476.417523108,3410000.0,560300.0,0.49203953568218967,0.029457035400673404
IC0800,55474459.969245896,2311435.774646793,616800.0,147700.0,0.3854783576663192,0.05680619008221376
IC0902,1125640924.3940265,129654979.00957914,10530000.0,1954000.0,0.4688133821459606,0.07124585853829893
IC0976,nan,nan,nan,nan,nan,nan
IC1613,75272302.3511106,8845.678311163883,38830.0,9095.0,0.1404685897378905,0.023611184295806106
IC2085,nan,nan,1347000.0,309400.0,nan,nan
IC2163,3179541741.731729,nan,nan,nan,nan,nan
IC2233,2198175388.9337263,249635059.94200167,809800.0,301900.0,0.2037042077708181,0.02439040615405702
IC2461,7213231921.332719,579634707.9642378,25830000.0,3493000.0,nan,nan
IC2531,10878735539.211836,1541254153.0195441,56690000.0,7449000.0,nan,nan
IC2574,2113978193.1073701,415245716.50323415,809700.0,319400.0,0.6715794832896993,0.17809142459607916
IC2828,144398868.69742903,2439170.0842601606,247100.0,381400.0,0.21777097723558358,0.015043086176087036
IC3019,nan,nan,nan,nan,nan,nan
IC3021,843586726.3078256,45192144.849677525,nan,nan,0.4613175745610621,0.09347562138823265
IC3023,46473877.20323258,558244.7715222596,nan,nan,0.2382319469361695,0.18431257477596
IC3033,347399023.36920357,5321210.246374398,926700.0,1117000.0,nan,nan
IC3044,690651844.8276227,5176191.493997858,457400.0,1049000.0,0.22594357702237833,0.036938056173985906
IC3059,561298598.4282783,7999504.71443702,3193000.0,3115000.0,nan,nan
IC3061,4184920082.4665904,31915501.088559225,15360000.0,3003000.0,0.5714786366727548,0.0907955950939691
IC3065,nan,nan,nan,nan,nan,nan
IC3077,9029413.02779846,785166.3184501672,nan,nan,0.3311311214830445,0.05108465813828472
IC3096,26296024.47028689,1845335.0324559072,108400.0,110400.0,0.3311311214830445,0.04803482780167067
IC3099,1563097433.59638,25301938.14056391,2058000.0,1948000.0,0.35399734108392805,0.0537971940356157
IC3100,nan,nan,35090.0,87170.0,nan,nan
IC3102,229429761.76452637,18502400.275707267,5926000.0,1265000.0,nan,nan
IC3104,15707015.919039091,3926753.9797597863,nan,nan,nan,nan
IC3105,382827163.3662273,3296174.805966809,304200.0,432900.0,0.13931568029468078,0.01860560010268388
IC3115,1390686290.9117236,11272026.552804325,8202000.0,3415000.0,nan,nan
IC3131,nan,nan,nan,nan,nan,nan
IC3167,nan,nan,76220.0,288300.0,nan,nan
IC3229,340645104.7640156,9772605.276970647,847600.0,1987000.0,0.2857590543378719,0.04671690224817364
IC3258,182005875.440859,3104577.72540971,712700.0,177600.0,0.17619760464136705,0.023936888694248103
IC3259,153216203.2388201,4853001.849435327,2009000.0,431200.0,0.4405548635071986,0.061879318742841395
IC3267,585237372.3412611,16439252.541252704,5214000.0,1179000.0,0.5321082592676071,0.08086482001283479
IC3268,1966605294.5254114,19498919.59187116,4055000.0,976300.0,0.30199517204060583,0.03407310948355869
IC3305,nan,nan,nan,nan,nan,nan
IC3311,287886907.01482564,9139266.748850545,2461000.0,1225000.0,0.3097419299220746,0.04921129338546631
IC3313,nan,nan,nan,nan,nan,nan
IC3322,434739006.29096395,6516430.422433784,3856000.0,714000.0,0.37670379898444084,0.05724790843306186
IC3331,nan,nan,nan,nan,nan,nan
IC3355,492645.0094038973,5068.3642305647,nan,nan,0.1327394457731152,0.029341811432598588
IC3358,nan,nan,nan,nan,nan,nan
IC3371,2588569929.323844,21045285.39467982,1740000.0,3643000.0,0.15703628043353113,0.030373509464390575
IC3381,nan,nan,268600.0,637300.0,nan,nan
IC3391,394871731.0258516,8830996.894205488,2938000.0,631500.0,0.3042829233370496,nan
IC3392,179031497.5279842,60834910.91918296,1083000.0,136200.0,0.5942921586165025,0.09168335377604382
IC3393,nan,nan,126300.0,561500.0,nan,nan
IC3413,nan,nan,3322000.0,3823000.0,nan,nan
IC3430,nan,nan,1592000.0,1241000.0,nan,nan
IC3459,nan,nan,nan,nan,nan,nan
IC3468,nan,nan,nan,nan,nan,nan
IC3475,628082839.1329612,108867692.1163803,4973000.0,5569000.0,nan,nan
IC3476,151157088.0425176,48350911.35489238,1316000.0,214100.0,0.3926449354001598,0.008136885375830077
IC3499,nan,nan,nan,nan,nan,nan
IC3509,nan,nan,nan,nan,nan,nan
IC3517,61673868.544671,4111591.44053637,725600.0,774100.0,0.27861211686334303,0.04298238317015605
IC3518,nan,nan,1696000.0,781900.0,nan,nan
IC3521,428258355.2386919,172051227.5539913,1597000.0,272100.0,0.6053408747548644,0.0627231993475934
IC3586,nan,nan,3415000.0,1635000.0,nan,nan
IC3611,464710038.0878902,23235502.250630517,10430000.0,13110000.0,0.306196343369479,0.043712674417869204
IC3631,112401698.27713013,nan,nan,nan,1.3427649611398138,0.9430083277894734
IC3718,10880567.6,544028.3881066571,38020.0,101500.0,nan,nan
IC4213,1037387696.5030885,9569997.208106244,2879000.0,949600.0,0.28379190284453015,0.036593480280137085
IC5270,7477375132.606732,92857230.53352356,14980000.0,3381000.0,0.8241381150140648,0.20304835078742312
IC5334,9722211488.870382,1294666354.0455558,11080000.0,4234000.0,nan,nan
NGC0007,1523196209.58237,122256537.87437493,1527000.0,3338000.0,nan,nan
NGC0115,3481491988.760359,315084749.8207712,4776000.0,2065000.0,nan,nan
NGC0131,1872880301.9973054,15499699.051012233,3237000.0,555600.0,0.8090958991794205,0.21610941012543722
NGC0147,nan,nan,34540.0,61360.0,nan,nan
NGC0148,2532458216.290823,nan,483400.0,2556000.0,nan,nan
NGC0150,5624416968.714198,472199185.8062309,12080000.0,1174000.0,0.4875284901039294,0.122360765875871
NGC0253,4490119326.896611,711776892.6474787,nan,nan,nan,nan
NGC0254,261655869.7140585,nan,499400.0,296400.0,nan,nan
NGC0274,3127093447.6944013,45016010.83206745,nan,nan,nan,nan
NGC0275,3272119414.2903466,nan,nan,nan,nan,nan
NGC0289,24905858069.96321,847207467.1339972,29490000.0,4814000.0,0.6870684400153418,0.017402369026310406
NGC0300,1902736698.2029204,150673565.9490644,5577000.0,1958000.0,0.32359365693006886,0.010431427028887968
NGC0337,3954230885.0355883,145353151.11000398,9039000.0,1576000.0,0.34995507018655164,nan
NGC0428,3920375300.6800756,6970588.834747824,5302000.0,1648000.0,0.2870780582028485,0.0198306497203133
NGC0448,nan,nan,nan,nan,nan,nan
NGC0450,1834220046.9675453,35965098.960147955,5388000.0,955000.0,0.3227087914811527,0.01709048241078677
NGC0493,3109983175.665712,12385436.664330479,10500000.0,1827000.0,0.35481338923406947,0.019607712500288046
NGC0520,6024756188.828831,nan,35360000.0,17920000.0,nan,nan
NGC0584,365392415.2241944,nan,2554000.0,1314000.0,nan,nan
NGC0586,96819049.25836095,nan,2485000.0,528400.0,nan,nan
NGC0613,20254964282.63898,5705970574.326327,76990000.0,7153000.0,0.6324118513772233,0.03349218833713098
NGC0625,143448520.24657154,13212363.706921149,231000.0,35630.0,0.18834396497824965,0.006505170091717212
NGC0628,21280088893.106483,263143245.1196108,29310000.0,12720000.0,0.5345643593977891,0.009847039401565375
NGC0678,1188429940.9039278,22007961.311895907,9174000.0,1645000.0,nan,nan
NGC0720,nan,nan,nan,nan,nan,nan
NGC0855,120360710.09715544,1973126.5557013284,230700.0,74250.0,nan,nan
NGC0891,7792596040.836124,888024486.2515613,49580000.0,5927000.0,nan,nan
NGC0895,13924314218.687746,612316566.0649171,43630000.0,5861000.0,0.4720630412642928,0.03804378626191445
NGC0925,8613063580.718061,4832381.182803934,11180000.0,1656000.0,0.34914031547906965,0.009647103429427352
NGC1052,58076707.716691844,nan,6820000.0,1876000.0,nan,nan
NGC1056,6448587755.2071705,25252568.36510843,12870000.0,2012000.0,0.4547748510276045,0.045027785083738364
NGC1068,4538570570.285119,1140031060.1418402,17470000.0,5614000.0,0.7491703324074108,0.02760045503224439
NGC1097,14294332744.639393,2231733197.411816,42740000.0,5255000.0,0.5847900841453914,0.07136603330507237
NGC1140,2625611977.541793,97706437.14660868,1617000.0,374500.0,0.31693628281555125,nan
NGC1189,2320804098.878244,nan,7715000.0,4425000.0,nan,nan
NGC1199,513187933.68976134,nan,nan,nan,nan,nan
NGC1222,2154562000.0,226796000.00000024,5859000.0,1061000.0,0.4036453929680292,0.09851935365864711
NGC1266,nan,nan,4038000.0,606000.0,nan,nan
NGC1316,nan,nan,nan,nan,nan,nan
NGC1317,nan,nan,3584000.0,497800.0,nan,nan
NGC1320,247511217.5193329,116902667.8746958,5329000.0,943100.0,nan,nan
NGC1336,nan,nan,475200.0,2000000.0,nan,nan
NGC1351,nan,nan,nan,nan,nan,nan
NGC1351A,620632413.6814072,128908103.42035207,4110000.0,725300.0,nan,nan
NGC1365,19640413189.53669,3124509986.3634944,79550000.0,35150000.0,0.6137620051657611,0.018372110168638
NGC1369,nan,nan,nan,nan,nan,nan
NGC1373,nan,nan,nan,nan,nan,nan
NGC1374,nan,nan,9214.0,618400.0,nan,nan
NGC1375,nan,nan,304000.0,1695000.0,nan,nan
NGC1377,nan,nan,956700.0,244200.0,nan,nan
NGC1379,nan,nan,nan,nan,nan,nan
NGC1380A,nan,nan,90990.0,133800.0,nan,nan
NGC1381,nan,nan,nan,nan,nan,nan
NGC1386,nan,nan,2624000.0,299700.0,nan,nan
NGC1387,nan,nan,2009000.0,376500.0,nan,nan
NGC1389,nan,nan,nan,nan,nan,nan
NGC1399,nan,nan,9548000.0,9644000.0,nan,nan
NGC1404,nan,nan,123000.0,174400.0,nan,nan
NGC1412,225159392.54450083,10611269.468766436,nan,nan,nan,nan
NGC1419,nan,nan,111700.0,1617000.0,nan,nan
NGC1427,nan,nan,nan,nan,nan,nan
NGC1427A,1612253823.9999995,177728768.00000086,1102000.0,317400.0,0.23713737056646328,0.004914260770124446
NGC1428,nan,nan,164000.0,1417000.0,nan,nan
NGC1436,176831646.1088624,22854504.96679122,4475000.0,648500.0,0.6324118513772233,0.01019327471130242
NGC1437B,211616304.98102865,nan,1041000.0,205600.0,0.8279421637134029,0.22304965223131573
NGC1460,nan,nan,nan,nan,nan,nan
NGC1481,nan,nan,475100.0,190500.0,nan,nan
NGC1482,516868342.36298764,nan,8701000.0,916200.0,0.9484184633021664,0.2336681210607081
NGC1510,3466613408.5487523,nan,194100.0,75150.0,0.3809768704924566,0.19078797132463488
NGC1512,7914069052.184362,361591086.00497645,7897000.0,1162000.0,0.6266138646733281,0.024528139645630203
NGC1566,3769092960.463356,1020360343.9524382,4312000.0,587200.0,0.6729766562853986,0.024793376267140066
NGC1569,210893990.32234627,10516176.882725107,152800.0,49430.0,0.12437714553920214,0.03236195261874291
NGC1617,nan,nan,4491000.0,627800.0,nan,nan
NGC1705,114597321.2687826,5574797.970316432,106800.0,41740.0,0.21330449131491883,0.006876124387588909
NGC1800,172554333.48000002,5148572.389200018,242400.0,65310.0,0.3059352292349266,nan
NGC1808,41943188036.21219,12001437454.315447,17990000.0,1942000.0,nan,nan
NGC1924,2326091772.5529346,243351731.15304118,12030000.0,1835000.0,nan,nan
NGC2110,nan,nan,5921000.0,1982000.0,nan,nan
NGC2146,46314170112.296684,nan,65970000.0,6282000.0,nan,nan
NGC2207,7457895000.0,712643300.0000043,nan,nan,nan,nan
NGC2273,3853899414.614619,536379678.94664395,12870000.0,4431000.0,nan,nan
NGC2403,2726424879.0293283,139864814.52611694,6608000.0,1453000.0,0.3443499307638152,0.020615270451113086
NGC2480,376886361.1291749,nan,nan,nan,nan,nan
NGC2481,311515211.8044718,nan,nan,nan,nan,nan
NGC2549,nan,nan,2714000.0,1349000.0,nan,nan
NGC2577,91635986.9068876,nan,nan,nan,1.5523870099604087,0.7756671917295209
NGC2592,nan,nan,nan,nan,nan,nan
NGC2655,693010717.3169129,75372766.83809356,2709000.0,544300.0,nan,nan
NGC2679,nan,nan,nan,nan,nan,nan
NGC2685,nan,nan,3656000.0,553500.0,nan,nan
NGC2764,1518493856.0,nan,13790000.0,2135000.0,nan,nan
NGC2768,20437370.11068053,nan,nan,nan,nan,nan
NGC2778,nan,nan,nan,nan,nan,nan
NGC2787,195834282.5991435,23344484.018441014,nan,nan,nan,nan
NGC2798,3304926061.4,650524185.2542715,6471000.0,934600.0,nan,nan
NGC2799,2819051056.7249856,nan,nan,nan,nan,nan
NGC2841,11570778745.557222,578538937.2778615,45090000.0,6234000.0,0.8609937521860526,0.07137040964202995
NGC2853,114858112.27115469,nan,3497000.0,874300.0,0.5636376558268252,0.08825200916270251
NGC2859,281598490.54062504,17879268.976367258,4572000.0,2231000.0,nan,nan
NGC2907,1144827504.0,140757480.00000045,6508000.0,1988000.0,nan,nan
NGC2915,373610615.7579589,26005379.28709701,50010.0,32490.0,0.22952824234720795,0.004756574783250309
NGC2950,nan,nan,2825000.0,1863000.0,nan,nan
NGC2974,641303175.928669,106883862.65477856,5709000.0,1362000.0,nan,nan
NGC2976,153293965.19310373,9107862.217815435,1133000.0,130700.0,0.42657951880221284,0.026520362306214542
NGC2992,7356390336.0,985738133.0769881,12730000.0,1831000.0,nan,nan
NGC2993,11169668107.658722,nan,6802000.0,1032000.0,0.6546361740680686,0.16128703804463806
NGC3031,3705537386.842357,183143287.1767363,12930000.0,2686000.0,0.6165950018624544,0.02981501165377429
NGC3034,4614916040.526865,1140004084.6901777,nan,nan,nan,nan
NGC3049,2173602115.2181616,546051949.352712,4321000.0,909800.0,0.6194410750777591,0.08985789448415073
NGC3073,474442832.546051,52715870.28289487,1089000.0,2834000.0,nan,nan
NGC3077,927042735.7076788,45987553.19420429,801100.0,123600.0,0.4549880601507199,0.0660018696620025
NGC3079,17079376002.906612,3410152044.1442327,34230000.0,13040000.0,nan,nan
NGC3081,2933438700.0,364608200.00000185,8097000.0,3594000.0,nan,nan
NGC3147,26985667636.430756,4454445333.562777,210400000.0,19560000.0,nan,nan
NGC3155,6391599938.849727,439075126.23402494,15910000.0,3715000.0,nan,nan
NGC3182,775320429.0684326,272515566.9128022,2201000.0,1075000.0,0.6698846094176013,0.12185483893805957
NGC3184,4333159127.834226,378304218.61200666,17760000.0,2465000.0,0.6123503917257365,0.014099888836769658
NGC3185,967216001.6969328,185330684.28834265,6771000.0,1984000.0,nan,nan
NGC3187,3266531193.7834992,26272370.87997029,18490000.0,3857000.0,0.4775292736584021,0.07257041794163752
NGC3190,4192427196.6653295,16753037.171878768,14860000.0,2661000.0,nan,nan
NGC3193,411903784.1250707,nan,nan,nan,nan,nan
NGC3198,10697918260.524834,534091411.32753724,16610000.0,1936000.0,0.5571857489327896,0.034640125187089546
NGC3226,872532948.7422721,nan,nan,nan,nan,nan
NGC3227,1725746661.8572156,9850152.068963671,nan,nan,nan,nan
NGC3245A,1318817658.7429936,9978443.817001376,4579000.0,2547000.0,0.2971666031741994,0.04995035151415105
NGC3252,886655984.2387216,94653906.81415564,4283000.0,1201000.0,nan,nan
NGC3254,12941623314.277397,39637436.2150272,36460000.0,4617000.0,nan,nan
NGC3256,85876759307.2,nan,71630000.0,7636000.0,0.583445104274654,0.03627266399145903
NGC3277,946950004.2200089,212328142.25574407,3224000.0,1006000.0,nan,nan
NGC3283,nan,nan,12190000.0,2688000.0,nan,nan
NGC3287,373065714.36099434,3698297.1016625524,3022000.0,405200.0,0.45185594437558707,0.03121310285101148
NGC3294,5094719144.064199,2106409561.0667517,36160000.0,3547000.0,0.6471426157496127,0.04172282632186844
NGC3301,107478223.2,17039230.27294389,446400.0,180400.0,nan,nan
NGC3338,19367691999.478672,213063948.19080842,34370000.0,5095000.0,0.6886522963453875,0.08562674763836299
NGC3346,2408133880.46875,109641333.3511511,14180000.0,1826000.0,0.5248074602505719,0.07975531308791875
NGC3348,nan,nan,nan,nan,nan,nan
NGC3351,2539567987.6931143,398011338.0710299,9388000.0,1109000.0,0.7834296427675098,0.03607826833693443
NGC3353,1073598603.2117133,nan,1780000.0,301700.0,0.28589168371636603,0.013165798582729859
NGC3364,3811860483.7550325,277073559.3918866,12650000.0,2038000.0,nan,nan
NGC3370,7909438846.752571,578307068.8674164,21880000.0,2774000.0,0.5223961889999146,0.026462956903427114
NGC3380,22551104.015281603,575283.2630717603,239200.0,52240.0,nan,nan
NGC3381,2916427110.4845657,17545350.916060597,8459000.0,1464000.0,0.464515275223437,0.011765445430177518
NGC3395,5377171920.743105,14696188.509329619,nan,nan,nan,nan
NGC3396,3589287490.8,648208054.8,nan,nan,nan,nan
NGC3403,6690181487.383237,153247999.58784327,12760000.0,2320000.0,nan,nan
NGC3413,945392101.4518886,4345203.504429254,1619000.0,1009000.0,0.2312064790178483,0.0356689636633507
NGC3414,202130615.57603526,13278654.059416842,1861000.0,3834000.0,nan,nan
NGC3424,3316924270.2166123,38310977.15526065,21360000.0,2497000.0,nan,nan
NGC3430,9605940494.95906,27980555.425801694,27720000.0,2993000.0,0.6137620051657611,0.029678024118568302
NGC3437,5280593394.639084,455627001.1602848,19400000.0,2251000.0,0.6683439175696878,0.09849079946174198
NGC3440,5049467493.551599,673262332.4735504,7404000.0,2109000.0,0.17179083871595638,0.010680201657191817
NGC3445,1943671077.0,32645394.206926856,2573000.0,427700.0,0.31768740706540766,0.03218610066060326
NGC3448,7847908600.0,56663600.00000016,9674000.0,1343000.0,0.29744827866264045,nan
NGC3454,597253250.599403,80463291.47892067,4848000.0,855200.0,0.436515832240804,0.06131200573860884
NGC3455,3055263249.260571,15668017.966591133,8575000.0,1605000.0,0.7091237319970957,nan
NGC3458,nan,nan,nan,nan,nan,nan
NGC3485,4801346796.392094,307272356.72150815,9197000.0,3472000.0,0.5636376558268252,0.02984994427562112
NGC3488,2839170189.297294,405595741.3281866,12130000.0,2847000.0,0.5610479760333387,0.046506985418494004
NGC3501,2699288353.1188946,222395221.31382188,11230000.0,1585000.0,nan,nan
NGC3504,4756429058.492519,1390086709.3962166,27240000.0,2609000.0,0.7345138681583161,0.038899455718645344
NGC3512,1609824969.0532684,216125867.55550796,6011000.0,969200.0,0.6729766562853986,0.015495860166962541
NGC3516,nan,nan,8673000.0,4501000.0,nan,nan
NGC3521,16638734201.124147,1130064069.2629087,54130000.0,6304000.0,0.6982324040783013,0.04340896717706755
NGC3526,1012129698.0774343,82481880.99448672,3315000.0,978500.0,0.28881211039251675,nan
NGC3547,728448817.7915844,9339087.440023411,2029000.0,276900.0,0.39355007545633824,0.03805966655789707
NGC3564,2436254720.7867656,68254222.54030918,nan,nan,nan,nan
NGC3592,391208089.5769721,7943311.170584602,2808000.0,1159000.0,0.42953642676551357,0.06626595960229242
NGC3596,8660302064.151302,731109405.6794978,30830000.0,3361000.0,0.5767664633931485,0.06640269303742252
NGC3608,25534724.548261233,nan,nan,nan,nan,nan
NGC3610,nan,nan,1021000.0,4325000.0,nan,nan
NGC3613,nan,nan,6527000.0,5299000.0,nan,nan
NGC3619,1637823317.3960001,170072685.2462486,13500000.0,3529000.0,0.5520774392816075,0.02161048979176472
NGC3620,6118136030.411598,nan,16810000.0,2949000.0,nan,nan
NGC3621,7190866910.065626,360072864.4215494,11510000.0,1901000.0,0.46558609352364944,0.03752180594586262
NGC3622,1052207907.93519,52109344.01202864,2917000.0,557300.0,0.3133285724319818,0.047616736206021006
NGC3626,725185607.5150665,12101941.717670955,2810000.0,457600.0,nan,nan
NGC3627,6257932556.542899,1560004171.4461198,29360000.0,3281000.0,0.5807644175222162,0.058839417574452754
NGC3628,17743437526.5299,2320011910.7400565,40880000.0,5067000.0,0.5649369748131768,0.05333343372414389
NGC3629,5642055370.31052,23768532.120918743,15130000.0,3716000.0,0.358900852568144,nan
NGC3631,1233051295.7560067,nan,5162000.0,585200.0,0.5874893525306948,0.02705488450860707
NGC3640,nan,nan,nan,nan,nan,nan
NGC3655,3129277920.2973175,390165242.52999544,13150000.0,1318000.0,1.0012793280156889,nan
NGC3659,2676881935.1107655,41107218.22442443,5308000.0,737500.0,0.4436086439320823,0.0408578660256663
NGC3665,nan,nan,4893000.0,1383000.0,nan,nan
NGC3666,3453059162.1156397,126180348.08194332,6339000.0,687800.0,0.35399734108392805,0.06357850204209443
NGC3674,nan,nan,nan,nan,nan,nan
NGC3681,4877655745.0,82070533.72342053,10890000.0,2401000.0,nan,nan
NGC3683,5064968445.902198,1072880098.2369037,27980000.0,2753000.0,0.6353309318527506,0.04681291304968473
NGC3684,4015355441.7057514,213285042.61647457,9361000.0,1039000.0,0.5727960309867184,0.02769714364780772
NGC3686,1393521559.4262211,207042361.94351935,8175000.0,839100.0,0.6652731562028059,0.03982804935829971
NGC3691,645501014.2079468,13212008.824249871,4571000.0,765900.0,0.429785738221197,nan
NGC3692,4756435280.195967,42296514.37566322,28620000.0,3746000.0,0.7644263519381308,nan
NGC3718,31826907931.056026,nan,102300000.0,12390000.0,0.6067744146946461,nan
NGC3729,6694386083.119873,381900493.328467,7545000.0,831800.0,0.6771616585152278,nan
NGC3755,10557272134.080036,564546705.377773,12100000.0,2070000.0,0.24660393372374728,0.06473222574994472
NGC3756,3137697514.038753,205291377.35831943,15750000.0,1782000.0,0.6180164001393896,0.0583444493576771
NGC3757,nan,nan,nan,nan,nan,nan
NGC3773,230529527.80532837,4092239.9085313175,626500.0,142900.0,0.3614098626401187,0.049930617730586456
NGC3786,5157937881.6680355,674534160.6366229,nan,nan,nan,nan
NGC3788,7505159172.502343,76945633.52965105,nan,nan,nan,nan
NGC3794,2055112856.1302404,86917364.67549677,3690000.0,743700.0,0.33724456550203585,nan
NGC3795,1148337730.734283,140245835.7829153,6511000.0,1814000.0,0.32538031105996496,nan
NGC3796,103642978.6063524,nan,723100.0,2747000.0,nan,nan
NGC3813,3763383914.2705836,482878512.6322261,14860000.0,1629000.0,0.5636376558268252,0.028552120611464882
NGC3838,nan,nan,nan,nan,nan,nan
NGC3846A,1401848266.862297,nan,3790000.0,2475000.0,0.28054336379553996,0.04844812255606679
NGC3870,356878683.3960001,37475144.46000008,541900.0,112300.0,0.30902954325177506,0.04696341009271122
NGC3898,14432567089.19994,nan,39940000.0,7645000.0,nan,nan
NGC3938,8874414647.655659,941610350.435242,30700000.0,2760000.0,0.615176872710839,0.0439114099964348
NGC3941,540519308.9762875,103283944.39037381,411700.0,347400.0,nan,nan
NGC3945,496873358.6090713,nan,9104000.0,3226000.0,nan,nan
NGC3952,2461949712.1925354,nan,1711000.0,435500.0,0.281166335059822,nan
NGC3953,2499884220.4781246,322035659.2808092,28390000.0,4399000.0,2.0607710751825574,nan
NGC3972,947278286.979422,89133292.26833431,15530000.0,3221000.0,nan,nan
NGC3982,4273248284.153076,nan,10360000.0,1409000.0,0.5470159628948122,0.057939336882422775
NGC3990,nan,nan,nan,nan,nan,nan
NGC3998,298532199.01328593,nan,nan,nan,nan,nan
NGC4013,5389057087.666773,706639319.5260942,22700000.0,2054000.0,nan,nan
NGC4030,15031403555.170914,2617957785.2769103,68750000.0,6651000.0,0.6776415076117636,0.015603272338216562
NGC4032,3040831673.0076823,11431697.735983968,7825000.0,2339000.0,0.34994516702884293,0.053181382647768824
NGC4036,nan,nan,1762000.0,507100.0,nan,nan
NGC4037,226193797.96900493,2698136.5822463683,2832000.0,582200.0,0.5457578610921104,0.08293915841214052
NGC4038,5279235866.903851,nan,nan,nan,nan,nan
NGC4039,18652571941.344906,nan,nan,nan,nan,nan
NGC4045,9369823853.047535,1240491521.6701744,23390000.0,2799000.0,nan,nan
NGC4051,1959571299.6918714,278368638.0946657,7865000.0,2596000.0,0.5902010801727652,0.03805166985410691
NGC4067,2870987214.117817,447029755.87698007,10560000.0,1878000.0,nan,nan
NGC4100,5959520612.685984,617851972.6041229,19880000.0,2030000.0,0.5754399373380511,0.08479996298422188
NGC4102,2678642027.232748,nan,11550000.0,1429000.0,nan,nan
NGC4111,509624995.26790607,69825919.5970344,539400.0,266200.0,nan,nan
NGC4116,6727597487.407686,8610002791.204298,10700000.0,2625000.0,0.4436086439320823,0.03575063277245892
NGC4117,267679045.90366262,48268144.42578549,709100.0,233500.0,nan,nan
NGC4119,nan,nan,903800.0,403400.0,nan,nan
NGC4123,6080554511.223123,230286656.8291489,14690000.0,2711000.0,0.7194489780048725,0.10933510446701163
NGC4125,nan,nan,nan,nan,nan,nan
NGC4138,826452999.4219999,86971816.71267866,3600000.0,1461000.0,0.5902010801727652,0.043487622690407894
NGC4144,550702151.4140055,43403320.7220197,943200.0,143000.0,0.242102904673924,0.032332827277829476
NGC4151,180341532.3533199,17732895.649834126,347400.0,89550.0,nan,nan
NGC4152,8622818557.581291,453655944.9381323,17020000.0,2691000.0,0.6180164001393896,0.04411409585580686
NGC4165,820986752.8510524,68415562.73758796,9370000.0,2830000.0,0.5011872336280279,0.07731975894772981
NGC4168,nan,nan,nan,nan,nan,nan
NGC4178,10660386157.360954,684287490.2976965,28400000.0,3424000.0,0.39174187710834224,0.027962589202476545
NGC4179,nan,nan,441600.0,1070000.0,nan,nan
NGC4180,913270427.2767388,31791058.14159551,11760000.0,1493000.0,0.6353309318527506,0.038035491852866254
NGC4183,2788053974.8912873,419848127.9836305,7534000.0,1127000.0,0.38106582339431344,0.058788244454634465
NGC4189,2034093710.8881512,202365636.5173237,11770000.0,1478000.0,0.5584701947376919,0.030862203486838095
NGC4191,3585796808.4864616,52802899.31388213,2623000.0,1700000.0,0.5649369748131768,0.03902446370059224
NGC4192,4521601753.356892,492027802.61318946,19250000.0,2255000.0,0.9467699168892262,nan
NGC4193,2565610835.035791,36651584.20288816,22290000.0,2531000.0,0.6251726927766745,0.09500787931370987
NGC4194,4927352997.761507,nan,9358000.0,1440000.0,0.5223961889999146,0.07337456232313774
NGC4197,3793268557.1649976,17704870.979959432,10390000.0,1471000.0,0.42953642676551357,0.046485076138920056
NGC4200,nan,nan,nan,nan,nan,nan
NGC4203,1159214815.0163276,6369311.983554187,3057000.0,591300.0,nan,nan
NGC4206,3939762989.661432,810039614.6428558,11310000.0,1454000.0,0.7106686538206829,nan
NGC4207,690054466.9170964,91621779.79332277,2658000.0,345700.0,0.48417236758482474,0.07469482109473614
NGC4212,2288751437.4428396,707026052.5595326,10150000.0,1075000.0,0.5915616341763986,0.03269090401061346
NGC4214,425377593.5465854,21080904.407139786,755800.0,181700.0,0.20734886515532103,0.021007289862065504
NGC4215,nan,nan,nan,nan,nan,nan
NGC4216,1754246525.2797155,556043850.6474386,18070000.0,1456000.0,0.6998419960034081,0.03545180644387919
NGC4217,1241933448.912971,209143195.82969958,32220000.0,2841000.0,0.6011737374842197,0.04152761058693673
NGC4222,1723014330.705995,9223845.44021399,7697000.0,1333000.0,0.4296961475253713,nan
NGC4224,2563276947.6552987,94644069.79796703,21890000.0,5423000.0,nan,nan
NGC4233,nan,nan,140700.0,221700.0,nan,nan
NGC4234,1127387998.3614922,65469443.260110825,6348000.0,877700.0,0.49659232145108323,0.03315993622340067
NGC4235,1378586514.1359518,1403982032.5748043,1376000.0,535600.0,0.2089296130856579,0.14336130734771066
NGC4236,2882925781.684435,nan,1761000.0,196700.0,0.2103778439769033,0.06345808825432689
NGC4237,557508632.6891885,287091415.99168974,8659000.0,927400.0,nan,nan
NGC4239,nan,nan,126200.0,598900.0,nan,nan
NGC4244,1986288443.483905,39512595.8899895,2412000.0,410000.0,0.22387211385711123,0.022165837460499216
NGC4251,nan,nan,108300.0,1163000.0,nan,nan
NGC4252,521553063.2909959,10072913.969616676,917600.0,673300.0,0.28444611074516657,0.04650225757971485
NGC4254,6876946980.533888,1130010902.4887536,26280000.0,2481000.0,0.6223002851701426,0.030090886559981773
NGC4255,nan,nan,41360.0,887300.0,nan,nan
NGC4258,8451776709.706659,nan,32020000.0,11560000.0,0.5649369748131768,0.03642283278721943
NGC4259,nan,nan,5197000.0,7396000.0,nan,nan
NGC4260,nan,nan,9860000.0,3057000.0,nan,nan
NGC4261,nan,nan,nan,nan,nan,nan
NGC4262,476352141.3004755,4956265.469511699,nan,nan,nan,nan
NGC4266,nan,nan,nan,nan,nan,nan
NGC4267,nan,nan,226800.0,1100000.0,nan,nan
NGC4268,1779222329.7203038,nan,nan,nan,nan,nan
NGC4269,nan,nan,nan,nan,nan,nan
NGC4270,303617563.95637697,11734012.249724435,nan,nan,nan,nan
NGC4273,4989168503.917122,593345460.6576376,18720000.0,1950000.0,0.5636376558268252,0.07657159618528715
NGC4276,902282741.7729272,14321948.070390083,4666000.0,881500.0,0.4943106869875784,0.07284431482659993
NGC4281,nan,nan,1328000.0,580000.0,nan,nan
NGC4287,211984642.96304855,13489931.589967959,2529000.0,639100.0,nan,nan
NGC4289,7956346259.711407,63030163.64663685,22140000.0,4433000.0,nan,nan
NGC4292,nan,nan,169100.0,52410.0,nan,nan
NGC4294,1686485586.9620564,6227371.8650310105,3901000.0,510800.0,0.28379190284453015,0.027445110210101653
NGC4298,1197879190.153292,171563265.2663946,nan,nan,nan,nan
NGC4299,1775609676.7308893,10375057.816945245,2666000.0,488500.0,0.3191537855105092,0.021311483717792182
NGC4300,nan,nan,5879000.0,1801000.0,nan,nan
NGC4302,2454350368.35813,338045177.1714175,15830000.0,1756000.0,0.6053408747548644,0.11847715432323308
NGC4303A,928081226.2880287,3477587.5932978657,1309000.0,536100.0,0.24490632418478572,0.04060207088985911
NGC4305,nan,nan,5109000.0,6698000.0,nan,nan
NGC4306,nan,nan,nan,nan,nan,nan
NGC4307,997623496.992135,291283589.13678235,10200000.0,1165000.0,nan,nan
NGC4309,58746268.220216475,11749253.64404332,3747000.0,785700.0,nan,nan
NGC4312,445548009.92414266,165013670.27785805,957000.0,164200.0,0.5176068319513536,0.07985286294399281
NGC4313,307751737.3197515,86758494.4617514,2039000.0,398600.0,nan,nan
NGC4316,1887675726.1221864,243803216.7649509,12120000.0,1614000.0,nan,nan
NGC4321,8953948107.783283,2220013513.8885117,50560000.0,5485000.0,0.6266138646733281,0.0187568126701875
NGC4322,750706560.0,140757480.00000045,nan,nan,nan,nan
NGC4324,643324654.9314457,8474089.98634364,3010000.0,523500.0,nan,nan
NGC4328,nan,nan,418100.0,3162000.0,nan,nan
NGC4330,844813602.2272482,137301199.62328294,5686000.0,786800.0,0.4720630412642928,0.08369632977620871
NGC4339,nan,nan,nan,nan,nan,nan
NGC4340,nan,nan,nan,nan,nan,nan
NGC4341,nan,nan,241800.0,441900.0,nan,nan
NGC4342,nan,nan,nan,nan,nan,nan
NGC4343,625870302.1742375,11400188.298604611,7460000.0,909100.0,nan,nan
NGC4350,nan,nan,649100.0,367900.0,nan,nan
NGC4351,204534534.61621672,2937659.2278776555,882300.0,174200.0,0.42657951880221284,0.0628630810221361
NGC4352,nan,nan,nan,nan,nan,nan
NGC4353,277507173.98214716,15417064.264013102,1875000.0,598200.0,nan,nan
NGC4355,1111611769.8,258588263.31887797,5884000.0,880200.0,nan,nan
NGC4356,55042749.60102242,4786325.858453557,1852000.0,393300.0,nan,nan
NGC4359,1924084144.0396786,226093927.08662128,5484000.0,954400.0,0.31988951096957474,0.048613806078021626
NGC4365,nan,nan,nan,nan,nan,nan
NGC4370,168379363.31122637,nan,5011000.0,961800.0,nan,nan
NGC4371,nan,nan,733500.0,1351000.0,nan,nan
NGC4374,nan,nan,24780000.0,16830000.0,nan,nan
NGC4376,715306447.7855252,9289694.149556719,1985000.0,383400.0,0.28444611074516657,0.039952643836091956
NGC4377,nan,nan,nan,nan,nan,nan
NGC4378,6558337434.567627,66694954.39290104,44060000.0,6655000.0,nan,nan
NGC4379,nan,nan,121100.0,1005000.0,nan,nan
NGC4380,633776913.3702793,142206238.60236692,8813000.0,1133000.0,nan,nan
NGC4383,3050860454.600623,7326754.4303096915,nan,nan,nan,nan
NGC4385,1366631119.5869446,23836590.947181076,10260000.0,3268000.0,0.5090647318103664,nan
NGC4387,nan,nan,nan,nan,nan,nan
NGC4388,1145924532.5135088,289148703.592188,7245000.0,859300.0,0.47863009232335263,0.05069597971955425
NGC4390,1176107055.1452067,17795292.39399957,6594000.0,1030000.0,0.4084064760290134,nan
NGC4396,1206091695.429736,202086965.78347287,6411000.0,961100.0,0.35645113342674106,0.0238020129200768
NGC4402,1028449538.0169044,389017039.34885925,6974000.0,765200.0,0.54954087385847,0.02783802173103285
NGC4406,93364931.16955028,6414385.11923102,nan,nan,nan,nan
NGC4409,1012015041.8634559,91531831.87131122,3108000.0,323600.0,0.4613175745610621,0.03930224990187149
NGC4411A,1073065231.0546875,5994777.838211085,1949000.0,535200.0,0.4548070834057188,nan
NGC4412,1936667799.5144653,463617878.7750592,8171000.0,1124000.0,0.6576578373564717,0.059058212170941926
NGC4413,169277424.9752133,5892568.398928182,2403000.0,338100.0,0.5272298614236266,0.08012344688672046
NGC4415,nan,nan,nan,nan,nan,nan
NGC4416,2321426056.5457263,267677739.3514911,15330000.0,2323000.0,0.515228644582538,0.03321801830199093
NGC4417,nan,nan,113300.0,721100.0,nan,nan
NGC4419,2272630160.535594,789026073.2924849,5826000.0,639700.0,0.6194410750777591,0.0427894735638819
NGC4423,1893976044.3203351,285146499.5343738,3940000.0,1169000.0,0.23442288153228616,0.035085611110753076
NGC4424,34782000.362893924,6228489.603779245,88540.0,15760.0,0.5533501092165881,0.02293444282840277
NGC4425,nan,nan,nan,nan,nan,nan
NGC4429,50665859.11034954,nan,967200.0,411900.0,nan,nan
NGC4430,2779042269.0551558,484594101.18200386,19870000.0,2834000.0,0.5035006087886648,0.07999535673162993
NGC4434,nan,nan,nan,nan,nan,nan
NGC4435,nan,nan,842000.0,136500.0,nan,nan
NGC4436,nan,nan,260600.0,1504000.0,nan,nan
NGC4437,2963454746.379899,239027244.56894502,12910000.0,1452000.0,0.45420040799711514,nan
NGC4438,962184304.0495498,492023391.53449434,3209000.0,421800.0,nan,nan
NGC4440,nan,nan,nan,nan,nan,nan
NGC4442,nan,nan,524000.0,1947000.0,nan,nan
NGC4445,62143699.95995958,6137649.223508509,1598000.0,290400.0,nan,nan
NGC4449,1140752524.1681998,56828300.7487682,1735000.0,206900.0,0.2917427014005044,0.023511683833219957
NGC4450,1346120243.257214,381053445.95485586,8480000.0,1122000.0,nan,nan
NGC4451,880230196.695394,229677802.41721973,3988000.0,649900.0,0.4688133821459606,0.014033275166634055
NGC4452,nan,nan,nan,nan,nan,nan
NGC4454,858200607.0,278335332.0000015,nan,nan,nan,nan
NGC4457,108927495.91275826,2438675.390103837,1311000.0,258700.0,nan,nan
NGC4458,nan,nan,450300.0,2052000.0,nan,nan
NGC4459,nan,nan,nan,nan,nan,nan
NGC4460,98100045.55192387,13008919.084059503,647300.0,118400.0,nan,nan
NGC4461,nan,nan,34880.0,1638000.0,nan,nan
NGC4464,nan,nan,1447000.0,1263000.0,nan,nan
NGC4468,388179961.9105759,nan,416600.0,869200.0,nan,nan
NGC4469,23172879.012235444,3972493.5238136603,921600.0,262400.0,nan,nan
NGC4470,689781308.7048888,99457645.0585679,2372000.0,301000.0,0.4207266283850538,0.0222814538431432
NGC4472,nan,nan,17750000.0,16240000.0,nan,nan
NGC4473,nan,nan,160400.0,3753000.0,nan,nan
NGC4474,nan,nan,nan,nan,nan,nan
NGC4476,nan,nan,636100.0,152800.0,nan,nan
NGC4477,nan,nan,385000.0,405800.0,nan,nan
NGC4478,nan,nan,176800.0,1610000.0,nan,nan
NGC4479,nan,nan,60360.0,326100.0,nan,nan
NGC4480,4223056797.3530645,367369310.082482,19170000.0,2871000.0,0.4389818556445673,nan
NGC4482,nan,nan,2017000.0,1897000.0,nan,nan
NGC4483,nan,nan,nan,nan,nan,nan
NGC4486,74360816518.85756,nan,nan,nan,nan,nan
NGC4488,nan,nan,nan,nan,nan,nan
NGC4491,nan,nan,20690.0,7455.0,nan,nan
NGC4492,669547138.0544045,321483234.6262179,11730000.0,3472000.0,nan,nan
NGC4494,nan,nan,1044000.0,3263000.0,nan,nan
NGC4496A,2273527714.3186526,51545267.4097094,7677000.0,1255000.0,0.5649369748131768,0.055935064637514395
NGC4497,nan,nan,113400.0,883800.0,nan,nan
NGC4498,798367460.8738495,5904114.534378233,5551000.0,835500.0,0.4335108783881624,0.029945870586831895
NGC4501,3941273197.2017574,1030007524.0729983,21990000.0,2227000.0,0.7430191378979178,0.17621907344555973
NGC4502,689243749.220227,12531704.895050168,2636000.0,1157000.0,0.34972027401693545,nan
NGC4503,480550025.05900586,488656415.9705672,nan,nan,nan,nan
NGC4506,nan,nan,383500.0,165300.0,nan,nan
NGC4516,nan,nan,71820.0,639800.0,nan,nan
NGC4519,4112545163.2717824,59438275.16182147,6515000.0,892200.0,0.4623810213999459,0.033004821061935245
NGC4521,5608792387.898369,nan,1055000.0,1223000.0,nan,nan
NGC4522,791804701.3911433,186066558.29553258,2445000.0,335700.0,0.48417236758482474,0.07469482109473417
NGC4525,269430046.322527,78026719.0571398,1762000.0,343600.0,0.36684631423084013,nan
NGC4526,11115826.146200974,2223165.1464208458,4384000.0,577100.0,nan,nan
NGC4527,10291269774.776415,1490024707.499105,27010000.0,3247000.0,0.5807644175222162,0.08825912636167912
NGC4528,nan,nan,137800.0,363800.0,nan,nan
NGC4531,731057089.5852093,nan,2755000.0,651800.0,nan,nan
NGC4532,1270537079.240987,26629709.454731975,2675000.0,343100.0,0.23334580622839252,0.013969762948293184
NGC4533,664160958.7990791,6918343.320823766,1569000.0,1656000.0,0.32359365693006886,0.04917672742190042
NGC4535,6955528733.194432,1290023536.5394647,28330000.0,2815000.0,0.5714786366727548,0.028949320174886734
NGC4536,6369578129.54988,688061537.2437446,16430000.0,1618000.0,0.7352903054737262,nan
NGC4540,175158188.1028634,2642472.7526314324,nan,nan,nan,nan
NGC4546,154820628.00195554,nan,881300.0,587700.0,nan,nan
NGC4550,nan,nan,206800.0,631900.0,nan,nan
NGC4551,9284806.379708301,nan,nan,nan,nan,nan
NGC4552,nan,nan,1769000.0,8230000.0,nan,nan
NGC4559,5407520977.051223,89025769.31104468,6176000.0,948700.0,0.28444611074516657,0.03536791421555733
NGC4561,3658440309.044971,17332259.96627619,3746000.0,959000.0,0.2582260190637918,0.039242767219899
NGC4562,179763583.47365624,1734053.8796071755,3149000.0,1385000.0,nan,nan
NGC4564,nan,nan,nan,nan,nan,nan
NGC4565,15694665961.786139,312206038.82703924,47720000.0,8757000.0,0.5199959965343064,0.03472271587107051
NGC4567,5179728283.176174,30545997.03974089,nan,nan,nan,nan
NGC4568,2131859023.5436473,nan,nan,nan,nan,nan
NGC4569,4010920861.672816,1110007178.2884998,8143000.0,919200.0,nan,nan
NGC4570,nan,nan,1382000.0,2568000.0,nan,nan
NGC4571,1870366301.60166,280049877.0533437,12990000.0,3498000.0,nan,nan
NGC4578,nan,nan,284800.0,1163000.0,nan,nan
NGC4579,20210235925.144222,15100003550.040937,29000000.0,4606000.0,0.6714288529270288,0.03092044135512769
NGC4580,49242459.89728662,5094047.608300023,6199000.0,843800.0,nan,nan
NGC4584,18237734.35022715,2735660.050622794,674200.0,494800.0,0.48417236758482474,0.07469482109473614
NGC4586,191811180.90053162,350014821.6813187,2123000.0,297600.0,nan,nan
NGC4589,nan,nan,1145000.0,4883000.0,nan,nan
NGC4591,1577300095.1994815,40100851.90354373,14320000.0,2343000.0,0.5780960474066172,0.08785361251112823
NGC4592,5201948401.354636,291605130.14747566,4104000.0,883600.0,0.2636331385828794,0.0018211132047605838
NGC4594,231439250.61793548,27863265.68763712,nan,nan,nan,nan
NGC4595,571209734.5327716,81474863.96383253,2239000.0,348800.0,0.5188000389297482,0.06809113044543284
NGC4596,nan,nan,527800.0,120600.0,nan,nan
NGC4606,29277851.605347306,2594239.956244869,692800.0,206700.0,0.5727960309867184,0.07913469613659682
NGC4607,989348468.0207921,246114799.05100703,6860000.0,937200.0,nan,nan
NGC4608,nan,nan,1219000.0,3198000.0,nan,nan
NGC4612,nan,nan,nan,nan,nan,nan
NGC4618,906161387.5909348,26186546.350528445,1726000.0,294500.0,0.3828247433173646,0.025563109868572558
NGC4621,39903137.819213115,nan,16830000.0,7188000.0,nan,nan
NGC4624,nan,nan,nan,nan,nan,nan
NGC4625,537659199.9999999,nan,1071000.0,714700.0,0.5321082592676071,0.01592791909343607
NGC4627,897190107.6984111,nan,nan,nan,nan,nan
NGC4629,7486780793.313705,nan,1743000.0,691900.0,0.1452111617589331,0.08860567994668318
NGC4630,796289775.4010334,154071672.41053295,3529000.0,446000.0,0.4819477976258467,0.018865338845055247
NGC4631,13472005321.550434,419016457.0537107,18850000.0,2608000.0,0.30060763026322496,0.027686985931383953
NGC4633,657184433.7492371,4385406.249956413,2445000.0,875500.0,0.4207266283850538,0.060063049490214425
NGC4636,692032373.793533,nan,nan,nan,nan,nan
NGC4638,nan,nan,nan,nan,nan,nan
NGC4639,2881815470.7570553,13650705.403911129,10990000.0,1473000.0,0.5956621435299416,0.03566063207599035
NGC4643,64895334.771860525,3717961.9509279463,3486000.0,699300.0,nan,nan
NGC4647,555530331.9165603,7774597.346269618,nan,nan,nan,nan
NGC4649,nan,nan,nan,nan,nan,nan
NGC4651,8269914940.773857,120856606.02496779,24590000.0,3516000.0,0.5662392890391312,0.005215256584037943
NGC4654,25482995080.330868,9460001540.588156,16800000.0,1809000.0,0.5623413251912185,0.04272967883448708
NGC4656,2552565061.021496,1326378.8291466364,734700.0,107000.0,0.14321878992751036,0.015499352184020541
NGC4660,nan,nan,88220.0,971400.0,nan,nan
NGC4666,7023173652.447816,1182542499.1992826,24610000.0,2377000.0,0.5662392890391312,0.00782288487605923
NGC4668,679921522.7620368,69937789.10798325,2305000.0,661900.0,0.3326595532944605,0.03829884642290695
NGC4684,nan,nan,312400.0,246800.0,nan,nan
NGC4688,2296127227.6752477,4140525.507452048,3820000.0,2275000.0,0.3155004623378889,0.036323333070611044
NGC4689,873679767.2679057,530012097.904525,8949000.0,1130000.0,nan,nan
NGC4691,23806217.238356855,nan,316800.0,45250.0,0.5675446054094263,0.030056854204584656
NGC4696,nan,nan,3447000.0,4467000.0,nan,nan
NGC4697,nan,nan,nan,nan,nan,nan
NGC4698,3514552821.1287766,18706867.890955806,9812000.0,3532000.0,nan,nan
NGC4701,3345168256.9686694,34785012.93306925,4163000.0,582300.0,0.5272298614236266,0.07405348878924056
NGC4710,23398702.68148284,2785559.971511058,2459000.0,268000.0,0.6109420249065335,0.07315079196016025
NGC4713,2675320128.2244425,106121126.63470456,5546000.0,733000.0,0.41209751909792375,0.03985336338206938
NGC4720,nan,nan,1063000.0,221800.0,nan,nan
NGC4725,5587467467.812706,648058057.3120337,24410000.0,3379000.0,nan,nan
NGC4731,5382581291.567978,281543112.95839703,8170000.0,1641000.0,0.3930200078610267,nan
NGC4736,760456120.5458236,129224234.2454567,2755000.0,368300.0,0.7294575102557584,0.07726334749805198
NGC4746,4754258730.94817,275078884.29970616,18000000.0,1952000.0,0.510504999976179,0.0387908796938685
NGC4747,1019361734.7596741,3213399.7276890315,2468000.0,411800.0,0.3749730022460125,0.050941027469584364
NGC4753,281860124.32688504,nan,8054000.0,1651000.0,nan,nan
NGC4754,nan,nan,1841000.0,3127000.0,nan,nan
NGC4758,561290651.948104,4294496.353617077,3107000.0,584700.0,0.39627803425600583,0.03923594745744502
NGC4762,nan,nan,1068000.0,1739000.0,nan,nan
NGC4765,1107214324.497461,3938262.2887670654,1131000.0,183300.0,0.2546830252588305,0.032840042894389083
NGC4771,1246642075.4630275,139299003.02066484,7773000.0,865600.0,nan,nan
NGC4772,2517502749.667843,28306426.13501191,15830000.0,2683000.0,0.5584701947376919,0.015431101743419048
NGC4775,1141993735.0210643,109563224.1834646,2493000.0,340300.0,0.5649369748129596,0.14308970023544987
NGC4779,3146938366.5174203,35720071.095608205,19310000.0,2670000.0,0.615176872710839,0.08923931708952748
NGC4789A,260508078.58896935,269159.6395404477,105300.0,167000.0,0.3793149849740719,0.07249261748592134
NGC4791,345639636.22867054,31782954.17090692,1463000.0,1127000.0,nan,nan
NGC4793,5290785609.010729,167694481.05252087,21300000.0,2021000.0,0.5533501092165881,0.035675799955296725
NGC4795,2967443584.7668657,423920512.1095526,3128000.0,8976000.0,nan,nan
NGC4799,3379128448.5612197,59929970.91027488,16410000.0,2525000.0,nan,nan
NGC4808,5327938394.905381,99810164.94150653,9123000.0,1055000.0,0.5236004365865462,0.05184228607869853
NGC4826,1254843230.6454835,337001103.33342546,1733000.0,185600.0,nan,nan
NGC4845,1019808330.4064951,491131193.2041409,13040000.0,1234000.0,nan,nan
NGC4866,4989190215.384728,27576304.914382394,13220000.0,4838000.0,nan,nan
NGC4904,1190228427.0886283,100098796.86669856,4319000.0,518300.0,0.5176068319513536,0.04886518478662076
NGC4941,1032242013.7882841,217994725.0877559,10950000.0,1447000.0,0.6760829753930687,0.017124124388445645
NGC4945,8472829634.501383,2330142742.204693,20610000.0,2626000.0,0.615176872710839,0.014164970966593981
NGC4961,4683592499.422543,29050539.975790594,10210000.0,1665000.0,0.22750974307749053,0.0298600509465142
NGC4981,4731349512.352619,353737168.3646575,13020000.0,1411000.0,0.6382634861915638,0.011757247909660772
NGC5010,nan,nan,24090000.0,2642000.0,nan,nan
NGC5012,5050584906.991864,37870779.40486795,43070000.0,5960000.0,nan,nan
NGC5014,58917227.71082988,6821097.50092453,180900.0,30970.0,0.46989410860591374,0.06816418369500904
NGC5016,5891173017.09978,40551106.83317044,19270000.0,2930000.0,0.6950243175899204,0.04641022635559047
NGC5023,561096318.8978602,68491109.6926441,1053000.0,202400.0,0.2070141348793552,0.023833383050621063
NGC5033,14207213374.351559,1308889479.8936718,33580000.0,14060000.0,0.6067363295894577,0.046103046920404206
NGC5055,11513850396.95797,1389125725.464393,46940000.0,5376000.0,0.6622165037028233,0.08233973188711109
NGC5103,500879650.2678066,72985319.10280617,nan,nan,nan,nan
NGC5116,2567356173.1808023,41012078.55540271,15670000.0,2367000.0,0.6011737374842197,0.08997648960502548
NGC5117,2821723689.868537,18793592.276900597,5513000.0,1676000.0,0.37844258471762837,0.06709751156764258
NGC5119,nan,nan,nan,nan,nan,nan
NGC5122,1069704054.3056736,411424636.2714147,3549000.0,5311000.0,nan,nan
NGC5128,737402055.6377789,nan,8422000.0,2079000.0,0.7161434102140657,0.0461714719425506
NGC5145,17126401376.601114,nan,40270000.0,4696000.0,0.7079457843852869,0.03260210819548166
NGC5147,2261448609.2041016,119508318.00589879,7261000.0,893600.0,0.41686938347093827,0.04127472080856237
NGC5194,3577179933.9913645,nan,nan,nan,0.7550922276666757,0.020863969287138413
NGC5195,1648387699.151138,197458865.92237252,nan,nan,nan,nan
NGC5236,9173710232.223698,2252332082.23199,19530000.0,7679000.0,0.6295061828581933,0.004348474657790744
NGC5240,2078536269.7014697,51533954.32348151,12220000.0,2259000.0,nan,nan
NGC5248,4060737358.5357647,412030354.4960654,15750000.0,1489000.0,0.6546361740683203,0.013566199461705196
NGC5273,nan,nan,67190.0,119600.0,nan,nan
NGC5290,4197212273.43584,335879540.5131927,20860000.0,2811000.0,nan,nan
NGC5300,1449559895.8545806,112287751.52751087,8900000.0,1118000.0,0.5345643593977891,0.08246895498810893
NGC5301,3895074959.928123,332519773.3184096,15320000.0,1480000.0,0.5571857489327896,0.08852476436700257
NGC5334,8975332819.343998,1044152603.9163036,42380000.0,5970000.0,0.483058802040495,0.008898271972947016
NGC5338,31622068.10785217,2666921.4716660525,325800.0,276100.0,0.4456562483981586,0.04002029593230127
NGC5347,2493128148.903885,155488231.20605105,7939000.0,1173000.0,nan,nan
NGC5348,1043419092.4172782,5982907.545947621,3263000.0,758600.0,0.5067407618255965,nan
NGC5350,5402353714.186419,451701815.5674285,20640000.0,2880000.0,nan,nan
NGC5353,3825713129.4405813,1886196960.0000057,nan,nan,nan,nan
NGC5354,4245063038.9999995,494134322.00000215,nan,nan,nan,nan
NGC5355,5854367925.0,401442372.0000004,nan,nan,nan,nan
NGC5356,707959189.9487957,152264589.40799546,7393000.0,1119000.0,nan,nan
NGC5358,4376686133.303355,nan,2533000.0,5605000.0,nan,nan
NGC5360,75494065.37041186,6188038.092208964,2028000.0,3173000.0,0.37325015779624654,0.05414473570587401
NGC5363,1395577397.296061,119407688.77380599,52480000.0,10270000.0,nan,nan
NGC5364,3397009728.791497,49178847.206096835,20350000.0,3305000.0,nan,nan
NGC5398,374417185.6167008,12343799.45275157,596800.0,126900.0,0.22318773325624153,0.04499409410769786
NGC5408,412952540.6064448,2418294.560397545,71380.0,29960.0,0.11739177426619325,0.02748851220637477
NGC5426,18579128320.0,210675585.7735105,45180000.0,21890000.0,0.5081594425613291,0.0105307232157554
NGC5427,6408059391.249369,208115303.5244855,30150000.0,11690000.0,nan,nan
NGC5457,16641222527.776695,1239008262.3323555,40700000.0,5692000.0,0.4415704473539605,0.017284810002931875
NGC5474,970331180.855247,145272439.64804313,1788000.0,437900.0,0.29580124665554786,0.016346580984920325
NGC5477,140234607.30277264,10787277.484828692,45450.0,30090.0,0.11350108156734633,0.016203445704257132
NGC5480,1760338110.44,195378185.88400027,12000000.0,1631000.0,0.5382697825171117,0.01735176768126627
NGC5481,nan,nan,nan,nan,nan,nan
NGC5485,907814212.141512,nan,1050000.0,827100.0,nan,nan
NGC5486,3607921710.7894535,nan,6224000.0,1693000.0,0.3076096814744844,0.02620700627988978
NGC5496,7337185155.132461,228910538.50166962,6295000.0,1367000.0,0.27797132677629327,0.034562842199014496
NGC5506,324321286.168,60307677.18000001,3872000.0,883700.0,0.2877398414739468,0.13979709409374425
NGC5507,644151804.7999998,119390205.20000067,nan,nan,nan,nan
NGC5529,19035866338.47087,2986018249.171921,93660000.0,15080000.0,nan,nan
NGC5560,1135970958.6570678,172289625.80173394,3193000.0,543300.0,0.5623413251912185,0.07251097014337396
NGC5566,2027183662.7318454,330199761.0072196,15700000.0,1855000.0,nan,nan
NGC5569,638587642.8983846,4988965.960143654,3554000.0,3352000.0,0.40364539296818436,0.06041281120579657
NGC5574,112158837.7258237,nan,nan,nan,nan,nan
NGC5576,190859890.66942754,15028338.297629138,nan,nan,nan,nan
NGC5577,1110875801.8792396,102372735.48525861,6458000.0,908500.0,0.5069907082754718,0.03385428816769858
NGC5582,nan,nan,4752000.0,7834000.0,nan,nan
NGC5584,6610201195.728781,696176860.6283301,24050000.0,3342000.0,0.39810717055406686,0.004583378181661507
NGC5636,250449290.6994166,nan,3776000.0,1121000.0,0.5623413251912185,0.08675419642153785
NGC5638,108998783.93111575,nan,nan,nan,nan,nan
NGC5645,1124398385.1925201,5259113.405442465,3488000.0,505200.0,0.3169567463047791,0.04670847226659352
NGC5658,537429266.1486249,13877280.699473845,1763000.0,364900.0,0.31988951096957474,0.03167263123265025
NGC5667,3406726044.6530914,343313477.368142,8641000.0,3088000.0,0.3258367010024538,0.02325826864484529
NGC5668,6932431962.119598,86772004.83786981,26670000.0,4846000.0,0.40364539296818436,0.03345940312936471
NGC5669,1988935385.2371294,31103051.677597605,5139000.0,690600.0,0.3872576449221677,0.04636807137799524
NGC5689,837471488.0,209367871.9999999,3807000.0,1666000.0,nan,nan
NGC5690,12907582001.328255,4170017656.354629,13330000.0,1429000.0,0.45185594437558707,0.05826445865521798
NGC5691,2933827920.0,1040847714.5058541,6244000.0,836000.0,0.4187935651185246,0.033750773702943236
NGC5693,2669540651.4782786,nan,4282000.0,14500000.0,0.4405548635071986,0.06593697898827355
NGC5701,10383846931.658936,22507178.4958238,19990000.0,3511000.0,0.8053784412004084,0.29114902568960976
NGC5705,2636225958.7133927,392497885.99836224,7828000.0,3226000.0,0.31768740706540766,0.029991593797379666
NGC5713,2798361991.5207715,303378318.92891276,6622000.0,723700.0,0.5597576014959748,0.04253335379354155
NGC5719,19303554736.272785,4061128967.464111,18410000.0,2199000.0,nan,nan
NGC5728,1807116476.9571366,237058670.03474066,16980000.0,1816000.0,0.7709034690657016,0.06390255009631227
NGC5740,5935904640.415112,30933896.2938144,14620000.0,2044000.0,0.6237348354834039,0.03446886081997582
NGC5746,5341968038.538215,32180532.535227228,70890000.0,9088000.0,0.71779429127253,0.016527824349209057
NGC5750,1103318172.0,312259860.0000015,7325000.0,1245000.0,0.6854882264537667,0.036303084348084234
NGC5777,7238163901.575303,303396091.6827982,25570000.0,5731000.0,nan,nan
NGC5850,1350377483.6722996,10549824.091189858,15110000.0,2804000.0,nan,nan
NGC5866,nan,nan,4193000.0,590900.0,nan,nan
NGC5899,7201870277.680878,798776309.8680053,60240000.0,8415000.0,nan,nan
NGC5907,21446536429.994995,2693659707.758806,70330000.0,8066000.0,0.5308844442318,0.035449791614339504
NGC5953,1160154975.8081582,nan,nan,nan,nan,nan
NGC5954,2412313477.7529144,29181210.54774924,nan,nan,nan,nan
NGC6143,13661735750.777605,nan,45250000.0,7980000.0,nan,nan
NGC6221,13696468296.59731,6712021875.746608,11680000.0,1832000.0,nan,nan
NGC6300,1652879920.9463773,130062682.30397783,9880000.0,2743000.0,nan,nan
NGC6673,303553406.87290794,14693878.327534504,nan,nan,nan,nan
NGC6703,219161117.69014055,36252214.95626398,nan,nan,nan,nan
NGC6798,nan,nan,1918000.0,8764000.0,nan,nan
NGC6814,5870695481.6,544528155.5463244,30590000.0,6043000.0,0.4027170343258828,0.10107463615279144
NGC6822,107981792.26576859,10547058.779447217,94360.0,32620.0,0.1339303392281152,0.02659267385024772
NGC6946,14088323450.354012,2753311625.363014,33900000.0,4596000.0,0.615176872710839,0.09348880837950116
NGC7090,1258239714.6877193,76773948.69280998,6565000.0,847900.0,0.47315125896200183,0.11657340081108788
NGC7172,3513973696.8,nan,19000000.0,3305000.0,nan,nan
NGC7213,36382562202.36766,12309529886.06233,30720000.0,5874000.0,nan,nan
NGC7314,2795882167.661324,146842550.82254866,13130000.0,1780000.0,nan,nan
NGC7320,387723086.23495847,3931286.0241289227,1116000.0,153400.0,0.3118889584098145,0.014363017326082375
NGC7331,12544388384.04281,170421367.85867983,65020000.0,9651000.0,0.6338697112579323,0.04816478528543231
NGC7463,1633392770.647466,11044729.569135023,3840000.0,599700.0,nan,nan
NGC7465,4192199822.3632812,19206246.295929007,5120000.0,1047000.0,nan,nan
NGC7552,29879870365.94494,6735144185.591119,37460000.0,12870000.0,0.5888436553565085,0.025761389835642187
NGC7582,15753047777.191084,nan,23820000.0,2569000.0,0.6382634861915638,0.0499683036160609
NGC7625,3535781405.723572,390199769.66677594,8904000.0,1240000.0,0.6745280276990072,0.09474264906460397
NGC7667,890332973.4413588,5970380.088956752,216300.0,302700.0,0.19483820507853006,0.0354418921782159
NGC7689,5011950399.279532,217789488.10239774,17440000.0,2555000.0,nan,nan
NGC7690,1758326230.0294216,140234607.30296063,3248000.0,756900.0,nan,nan
NGC7694,480299755.39601153,49442621.87900134,1078000.0,357500.0,0.4226686142660536,0.047688292073802874
NGC7710,nan,nan,3011000.0,4954000.0,nan,nan
NGC7714,nan,nan,5828000.0,2395000.0,nan,nan
NGC7715,nan,nan,684800.0,30180000.0,nan,nan
NGC7716,4546079530.432587,54444069.363413095,12800000.0,2554000.0,0.568852930844722,0.023576981016052736
NGC7721,13438267866.722357,1067030772.4559642,48140000.0,8339000.0,0.5457578610921104,0.008796577407346882
NGC7755,8219818390.086332,1162185119.4209528,27960000.0,3528000.0,0.5610479760333387,0.011626746354624646
NGC7757,906991156.0153654,65801319.16189923,2975000.0,988400.0,nan,nan
NGC7764,1110804800.0,104137950.00000025,6340000.0,3143000.0,0.48865235934337925,0.08888792742418504
NGC7793,933811212.9774024,58448943.066534154,3787000.0,649100.0,0.4446312674697612,0.03378544383572458
PGC007045,nan,nan,1260000.0,258100.0,nan,nan
PGC008962,1163744225.0862422,76139610.318815,nan,nan,0.16443717232167987,0.039756211080822564
PGC009485,449584883.0332974,143083002.11270058,nan,nan,0.7816278045893251,0.1997738629540569
PGC012608,1602920319.542793,nan,151600.0,307900.0,nan,nan
PGC013058,nan,nan,241100.0,145200.0,nan,nan
PGC013084,nan,nan,nan,nan,nan,nan
PGC013097,nan,nan,nan,nan,nan,nan
PGC013146,nan,nan,nan,nan,nan,nan
PGC013230,nan,nan,nan,nan,nan,nan
PGC013343,nan,nan,nan,nan,nan,nan
PGC013635,nan,nan,153100.0,343500.0,nan,nan
PGC027066,nan,nan,17880000.0,25930000.0,nan,nan
PGC028759,121594026.34007603,32900227.4410401,nan,nan,nan,nan
PGC029653,77115134.71417722,2629155.93402924,2940.0,7240.0,0.07053951023243692,0.015753372347064816
PGC034407,nan,nan,537900.0,920200.0,nan,nan
PGC039052,374291421.195737,29356189.7904889,1272000.0,2056000.0,0.4742419852609509,0.07425481174992099
PGC039799,45931038.4827029,754513.9800477228,nan,nan,nan,nan
PGC040045,12830761.119259616,814651.4875926223,nan,nan,nan,nan
PGC040074,nan,nan,nan,nan,nan,nan
PGC040547,nan,nan,nan,nan,nan,nan
PGC040659,nan,nan,1294000.0,3506000.0,nan,nan
PGC040759,nan,nan,94830.0,310200.0,nan,nan
PGC040819,nan,nan,nan,nan,nan,nan
PGC040821,nan,nan,nan,nan,nan,nan
PGC041994,889600965.1009747,21080592.95227277,nan,nan,nan,nan
PGC042068,5471816.656271362,400376.8230508807,59020.0,135000.0,0.3013006024190146,0.04995145984610739
PGC042147,nan,nan,nan,nan,nan,nan
PGC042160,145650030.23222917,4265900.29797172,364900.0,421900.0,0.2564484036521015,0.02598174794035242
PGC042902,nan,nan,nan,nan,nan,nan
PGC043526,nan,nan,2657000.0,1817000.0,nan,nan
PGC044532,787093638.9185464,2338364.9857849753,441900.0,139300.0,0.16170338805149032,0.015265768243378814
PGC046875,1275552391.1449373,140822860.24024653,1115000.0,4406000.0,nan,nan
PGC065367,2999078.599119623,332734.7068271217,nan,nan,nan,nan
PGC072006,2076800519.1157682,91416856.69961914,5286000.0,6262000.0,nan,nan
PGC090942,4745331560.728699,269619857.6690498,nan,nan,nan,nan
PGC091228,130056716.86941624,4579462.068239317,nan,nan,0.25118864315127876,0.06709245412896851
PGC093080,5336589915.519666,27884111.212700695,nan,nan,nan,nan
PGC093119,4005785965.560467,619076012.8593469,nan,nan,nan,nan
PGC166069,3933307.1443336084,709257.7463772548,nan,nan,nan,nan
PGC166071,3822767590.684755,nan,4539000.0,53570000.0,nan,nan
PGC166077,1889236.868907133,320224.652125537,125400.0,108100.0,nan,nan
PGC166755,6009597923.903029,233836495.09350333,13210000.0,7216000.0,nan,nan
PGC166861,226149733.95871508,nan,470300.0,1801000.0,nan,nan
PGC2807061,20179580.096012093,2566793.652278878,nan,nan,nan,nan
SDSSJ121727.85+071937.6,75505648.84260178,3146068.813394309,nan,nan,nan,nan
SDSSJ140638.13+545947.6,350930388.6630571,86814300.4856528,296600.0,1087000.0,nan,nan
UGC00300,359664090.12138367,3738712.055711155,nan,nan,0.16634126503720645,0.01953376077845313
UGC00313,176171026.84089845,13260184.77045353,2669000.0,1480000.0,0.34994516702884293,0.12489567136975942
UGC00320,1352856142.1815834,28184503.962073136,nan,nan,nan,nan
UGC00772,275275855.11578,4179893.5752857374,nan,nan,0.192752491319249,0.029736543881003722
UGC00931,1147695073.9199998,169763229.68400067,3618000.0,4597000.0,0.15559656316068124,0.02687057451412581
UGC02392,974309944.3329529,13278500.055202447,966100.0,1139000.0,nan,nan
UGC02826,879320347.3798145,nan,3507000.0,681100.0,nan,nan
UGC03016,362284603.0,106554295.00000045,3551000.0,1639000.0,nan,nan
UGC03701,3694170155.529196,442599271.30302477,5773000.0,5027000.0,0.39810717055406686,0.03575034981695259
UGC03960,nan,nan,nan,nan,nan,nan
UGC04305,556119339.1802452,1702406.1403476961,129300.0,73120.0,0.10280162981274794,0.011598765516777833
UGC04483,37627184.32473233,nan,18990.0,40190.0,0.06739786504989123,0.012415145549084464
UGC04549,1157744123.1333373,118352385.05715357,4506000.0,1377000.0,0.5164163692728557,0.08085829908930045
UGC04551,352700937.8328623,nan,nan,nan,nan,nan
UGC04684,3274160213.9013467,33684775.43973348,3600000.0,610000.0,0.3890451449948342,0.05822762083886146
UGC05139,186684502.22088167,15239551.201704679,nan,nan,0.14554590805835593,0.03485371117712268
UGC05336,nan,nan,141200.0,471500.0,nan,nan
UGC05340,961668945.4125797,1922568.8743337553,34980.0,324400.0,0.30060763026310944,0.06852529018014956
UGC05364,7815613.46,9128.612164081298,nan,nan,nan,nan
UGC05373,41742834.609602325,37938.17920628995,14350.0,18370.0,0.08592315028522746,0.017348770118870212
UGC05423,62966798.08483588,14859421.376952473,95060.0,351600.0,nan,nan
UGC05454,2124823904.7883232,30987014.178776287,190400.0,761800.0,0.20749135174574312,0.03392142103531194
UGC05570,nan,nan,5314000.0,7039000.0,nan,nan
UGC05612,1188113208.0,66293273.20000022,4131000.0,1002000.0,nan,nan
UGC05686,1991418445.2310872,241783696.44086146,12620000.0,11560000.0,nan,nan
UGC05689,3820699852.5058966,877728344.4945995,12430000.0,3407000.0,nan,nan
UGC05692,2910728.6143597923,145536.43071799012,354700.0,222800.0,0.2648500138610124,0.025003427445628786
UGC05720,2305508508.0,729322233.9770242,2072000.0,388900.0,0.46413458383640727,nan
UGC05846,1459266824.0000002,nan,31440.0,626700.0,nan,nan
UGC05955,nan,nan,nan,nan,nan,nan
UGC05958,369620984.58986104,10375325.998499407,2829000.0,1585000.0,0.38370724549282303,0.05919574509757292
UGC05990,498955348.75801104,23388532.553892266,3036000.0,1450000.0,0.37583740428897394,0.024231132926158395
UGC06016,4200172143.6487064,1050043035.8677279,nan,nan,0.19230917289124427,0.029225343493205748
UGC06023,1520822572.5092444,16411754.731472723,7494000.0,1039000.0,0.4677351412878926,0.009692999674192968
UGC06324,185534709.12903035,4104750.280456473,610700.0,1015000.0,nan,nan
UGC06341,635158096.9762825,14435411.713950124,nan,nan,0.21577444091553125,0.0372629258326049
UGC06566,1315356615.2441828,158642250.8414171,nan,nan,nan,nan
UGC06575,4082045857.8050313,437525685.7689504,8065000.0,2006000.0,0.2697739432448424,0.04596713205435514
UGC06728,nan,nan,496100.0,3841000.0,nan,nan
UGC06879,1914203634.232577,237759133.276037,7764000.0,1683000.0,0.43151907682839336,0.06657182937441304
UGC06919,nan,nan,3325000.0,1332000.0,nan,nan
UGC06998,1499121590.2805328,13607759.695842912,475600.0,2221000.0,0.30269134281053656,0.043909272145249235
UGC07035,316822745.1806938,12786568.589876441,798700.0,1124000.0,0.29580124665554786,0.04290977508541645
UGC07086,2218864417.372444,118867736.64495273,11610000.0,2305000.0,nan,nan
UGC07089,361517816.44636416,nan,3495000.0,3020000.0,0.39168953644176613,nan
UGC07094,162036425.0370383,15715907.445063978,313000.0,502600.0,0.2729433640734218,nan
UGC07178,1444145517.787819,10574286.845019799,397800.0,2629000.0,0.3365115693759526,0.06198772186122872
UGC07184,1791582256.9915566,26116359.312231995,1797000.0,4989000.0,0.306196343369479,0.027496682295111905
UGC07249,1165404886.020989,12416794.556667188,1634000.0,4098000.0,0.19230917289124427,0.022140411737277082
UGC07321,5581097787.917121,12278142.81949642,9255000.0,2558000.0,0.2691534803930415,0.04586141058437103
UGC07387,1394333314.9461815,30985184.54857432,8153000.0,1824000.0,0.4446312674697612,0.07268989431322273
UGC07396,1201997873.5791502,27256188.958729293,1996000.0,5113000.0,0.28054336379553996,0.04328032281675294
UGC07411,nan,nan,981100.0,667400.0,nan,nan
UGC07422,34915961.18455396,4364495.148069266,266500.0,71600.0,0.5956621435299416,0.08778001741781641
UGC07436,nan,nan,nan,nan,nan,nan
UGC07522,1746987183.9368873,29710666.257956956,19770000.0,3055000.0,nan,nan
UGC07579,814291951.1912385,35575864.34709413,5434000.0,1540000.0,0.4092606597306002,0.06219559462016362
UGC07596,2585477.13716526,198882.85955462226,6807.0,41230.0,nan,nan
UGC07636,1065700.48,nan,nan,nan,nan,nan
UGC07688,nan,nan,nan,nan,nan,nan
UGC07700,5405060743.984559,505288964.7351033,8029000.0,2986000.0,0.35563131856948,0.03766808314604949
UGC07795,219722326.03067222,2741633.248053817,535900.0,843800.0,0.14859356422886438,0.2350565868990369
UGC07802,302838740.4129284,6950397.459206168,1374000.0,1388000.0,0.31988951096957474,0.046404087619929126
UGC07916,294326988.7746094,1099994.116683198,132800.0,132500.0,nan,nan
UGC07982,650231649.1611634,7855147.952773814,4306000.0,949200.0,0.5128613839921421,0.08030167447360373
UGC07991,330560648.88987523,8854303.723547399,2639000.0,1245000.0,0.33419504002657285,0.05309636369494214
UGC08032,33607365.787689134,3179075.114643242,902400.0,310400.0,0.48417236758482474,0.07580966917077599
UGC08042,677135817.9098352,30384300.7654451,4198000.0,7094000.0,0.3999447497616703,0.05985894322347882
UGC08181,287290281.4398361,3220743.0859143836,635700.0,839900.0,0.17701089583194746,0.05054024860499722
UGC08201,170715803.83264622,nan,249500.0,270700.0,nan,nan
UGC08246,1507889387.9992461,8394652.004475674,2782000.0,1180000.0,0.21928049353531537,0.022721039801953783
UGC08333,1217175987.1598797,6532250.05400252,3948000.0,2926000.0,0.15066070661884085,0.1991258217701891
UGC08412,130048975.4216439,2750280.5062371683,nan,nan,0.12050359403730407,0.033851313072476616
UGC08630,2008864817.3163595,21792418.266823534,3624000.0,1180000.0,0.2582260190637918,0.042810291512617095
UGC08662,852696074.8960422,26739600.296246383,1602000.0,5416000.0,0.24660393372374728,0.01930610241665018
UGC08693,2894951203.389613,44289934.36899064,8112000.0,1913000.0,0.347536161443688,0.11923450610791513
UGC08756,613860222.7283899,241159373.21472546,2284000.0,604000.0,nan,nan
UGC08857,nan,nan,212400.0,234500.0,nan,nan
UGC09242,2799153250.1877418,nan,1403000.0,609500.0,0.2535128630501153,0.03560783129984004
UGC09299,9189801947.70797,16143700.584189584,3767000.0,1549000.0,0.26668586645249387,0.01105320421090653
UGC09310,1536823852.8621674,17219314.81511837,5133000.0,8869000.0,nan,nan
UGC09392,288779457.0254593,14973749.422846783,nan,nan,0.1256029963696188,0.0367298715586731
UGC09426,1595749791.3760703,nan,nan,nan,nan,nan
UGC09470,1112789858.8613439,20692373.578463238,1776000.0,1626000.0,0.22803420720032563,0.01680218131815554
UGC09482,2132113440.5253227,36384188.11805738,2082000.0,4095000.0,0.22335722228333008,0.021600558438576743
UGC10854,2404631579.065662,288325129.3843727,12590000.0,10590000.0,0.23173946499713802,0.052292784080977414
UGC12160,5218811767.204717,523735106.30029833,2303000.0,1633000.0,nan,nan
UGC12313,1848870711.322585,17930859.420168716,4220000.0,6111000.0,nan,nan
UGC12690,2826598746.4205937,22082802.706410956,10860000.0,6360000.0,0.23933157564084004,0.03582028569298086
UGC12709,2971509636.8397903,29075436.433257822,5296000.0,6953000.0,0.2735268726310288,0.017634929184703555
